title;author;isbn

# CATEGORIA 1
Tomorrow, and Tomorrow, and Tomorrow;Gabrielle Zevin;9780593321201
Remarkably Bright Creatures;Shelby Van Pelt;9780063204157
Demon Copperhead;Barbara Kingsolver;9780063251922
The Covenant of Water;Abraham Verghese;9780802162175
The Secret History;Donna Tartt;9781400031702
The Goldfinch;Donna Tartt;9780316055437
Anxious People;Fredrik Backman;9781501160837
The Vanishing Half;Brit Bennett;9780525536291
A Gentleman in Moscow;Amor Towles;9780143110439
The Lincoln Highway;Amor Towles;9780735222359
The Invisible Life of Addie LaRue;V.E. Schwab;9780765387561
Babel: Or the Necessity of Violence: An Arcane History of the Oxford Translators' Revolution;R.F. Kuang;9780063021433
The Poppy War;R.F. Kuang;9780062662583
Mistborn: The Final Empire;Brandon Sanderson;9780765350381
The Name of the Wind;Patrick Rothfuss;9780756404741
The Way of Kings;Brandon Sanderson;9780765326355
The Three-Body Problem;Cixin Liu;9780765382030
Neuromancer;William Gibson;9780441569595
The Guest List;Lucy Foley;9780062868930
Verity;Colleen Hoover;9781538724736
The Woman in Cabin 10;Ruth Ware;9781501132957
The Girl with the Dragon Tattoo;Stieg Larsson;9780307454546
The Last Thing He Told Me;Laura Dave;9781501171345
Beach Read;Emily Henry;9781984806734
People We Meet on Vacation;Emily Henry;9781984806758
Red, White & Royal Blue;Casey McQuiston;9781250316776
The Love Hypothesis;Ali Hazelwood;9780593336823
The Count of Monte Cristo;Alexandre Dumas;
Jane Eyre;Charlotte Brontë;9780141441146
The Picture of Dorian Gray;Oscar Wilde;9780141439570
The Odyssey;Homer;9780140268867
Beloved;Toni Morrison;9781400033416
The Perks of Being a Wallflower;Stephen Chbosky;9781451696196
The Maze Runner;James Dashner;9780385737951
The Cruel Prince;Holly Black;9780316310314
The Absolutely True Diary of a Part-Time Indian;Sherman Alexie;9780316013697
The Outsiders;S.E. Hinton;9780142407332
The Power of Now;Eckhart Tolle;9781577314806
The Psychology of Money;Morgan Housel;9780857197689
Can't Hurt Me;David Goggins;9781544512280
Greenlights;Matthew McConaughey;9780593139134
Crying in H Mart;Michelle Zauner;9780525657743
When Breath Becomes Air;Paul Kalanithi;9780812988406
The Immortal Life of Henrietta Lacks;Rebecca Skloot;9781400052189
Killers of the Flower Moon;David Grann;9780307742483
Steve Jobs;Walter Isaacson;9781451648539
Night;Elie Wiesel;9780374500016
The Autobiography of Malcolm X;Malcolm X;9780345350688
The Four Agreements;Don Miguel Ruiz;9781878424310
Mindset: The New Psychology of Success;Carol S. Dweck;9780345472328
The Alchemist;Paulo Coelho;9780061122415
The Kite Runner;Khaled Hosseini;9781594631931
A Thousand Splendid Suns;Khaled Hosseini;9781594483073
The Road;Cormac McCarthy;9780307387899
My Brilliant Friend;Elena Ferrante;9781609450786
A Man Called Ove;Fredrik Backman;9781476738024
The Storied Life of A.J. Fikry;Gabrielle Zevin;
East of Eden;John Steinbeck;9780142000656
Of Mice and Men;John Steinbeck;9780140177398
The Color Purple;Alice Walker;9780143135692
Animal Farm;George Orwell;9780451526342
The Sun Also Rises;Ernest Hemingway;9780743297332
The Things They Carried;Tim O'Brien;9780618706419
Life of Pi;Yann Martel;9780156027328
The Grapes of Wrath;John Steinbeck;9780143039433
The Da Vinci Code;Dan Brown;9780307474278
The Girl on the Train;Paula Hawkins;9781594633669
Big Little Lies;Liane Moriarty;9780425274866
The Lincoln Lawyer;Michael Connelly;
In the Woods;Tana French;9780143113492
The Cuckoo's Calling;Robert Galbraith;9780316206846
A Game of Thrones;George R.R. Martin;9780553593716
The Eye of the World;Robert Jordan;9780812511819
The Lies of Locke Lamora;Scott Lynch;9780553588941
The Priory of the Orange Tree;Samantha Shannon;9781635570298
The Fifth Season;N.K. Jemisin;9780316229296
The Golden Compass;Philip Pullman;9780440418320
Ender's Game;Orson Scott Card;9781250773029
The Left Hand of Darkness;Ursula K. Le Guin;9780441478125
The Long Way to a Small, Angry Planet;Becky Chambers;9780062444134
All Systems Red;Martha Wells;9781250214713
The Hitchhiker's Guide to the Galaxy;Douglas Adams;9780345391803
Eragon;Christopher Paolini;9780375826696
Twilight;Stephenie Meyer;9780316015844
The Sun Is Also a Star;Nicola Yoon;9780553496680
They Both Die at the End;Adam Silvera;9780062457790
A Good Girl's Guide to Murder;Holly Jackson;9781984896391
The Notebook;Nicholas Sparks;9780446605236
The Kiss Quotient;Helen Hoang;9780451490803
The Selection;Kiera Cass;
The 5 Love Languages: The Secret to Love That Lasts;Gary Chapman;9780802412706
The 48 Laws of Power;Robert Greene;9780140280197
Quiet: The Power of Introverts in a World That Can't Stop Talking;Susan Cain;9780307352156
Outliers: The Story of Success;Malcolm Gladwell;9780316017930
The Omnivore's Dilemma: A Natural History of Four Meals;Michael Pollan;9780143038580
The Devil in the White City: Murder, Magic, and Madness at the Fair That Changed America;Erik Larson;9780375725609
Into the Wild;Jon Krakauer;9780385486804
The Warmth of Other Suns: The Epic Story of America's Great Migration;Isabel Wilkerson;9780679763888
The Wright Brothers;David McCullough;9781476728759
Alexander Hamilton;Ron Chernow;9780143034759
Pachinko;Min Jin Lee;9781455563920
Never Let Me Go;Kazuo Ishiguro;9781400078776
Klara and the Sun;Kazuo Ishiguro;9780593318171
The Remains of the Day;Kazuo Ishiguro;9780679731726
Homegoing;Yaa Gyasi;9781101971062
The Poisonwood Bible;Barbara Kingsolver;9780061577079
The Namesake;Jhumpa Lahiri;9780618485222
Slaughterhouse-Five;Kurt Vonnegut;9780385333849
Their Eyes Were Watching God;Zora Neale Hurston;9780061120060
The Bell Jar;Sylvia Plath;9780061148514
The Stranger;Albert Camus;9780679720201
The Metamorphosis;Franz Kafka;9780553213690
The Secret Garden;Frances Hodgson Burnett;
The Adventures of Huckleberry Finn;Mark Twain;9780142437179
The Adventures of Sherlock Holmes;Arthur Conan Doyle;9780486115085
A Clash of Kings;George R.R. Martin;9780553579901
A Storm of Swords;George R.R. Martin;9780553573428
The Blade Itself;Joe Abercrombie;9780316387316
The Colour of Magic;Terry Pratchett;
Piranesi;Susanna Clarke;9781635575637
The Starless Sea;Erin Morgenstern;9780385541213
A Wizard of Earthsea;Ursula K. Le Guin;9780547773742
Leviathan Wakes;James S.A. Corey;9780316129084
The Time Machine;H.G. Wells;
The Hating Game;Sally Thorne;9780062439598
The Rosie Project;Graeme Simsion;9781476729091
The Flatshare;Beth O'Leary;9781250295651
Book Lovers;Emily Henry;9780593334836
The Wedding Date;Jasmine Guillory;9780399587665
The Woman in the Window;A.J. Finn;9780062678423
The Couple Next Door;Shari Lapena;
The Chain;Adrian McKinty;9780316531245
The 7 1/2 Deaths of Evelyn Hardcastle;Stuart Turton;
The Poet X;Elizabeth Acevedo;9780062662804
One of Us Is Lying;Karen M. McManus;9781524714680
We Were Liars;E. Lockhart;9780385741279
The Inheritance Games;Jennifer Lynn Barnes;9781368052405
The Book of Three;Lloyd Alexander;9780805080483
Spare;Prince Harry;9780593593806
I Am Malala;Malala Yousafzai;9780316322409
Shoe Dog;Phil Knight;9781501135927
Maybe You Should Talk to Someone;Lori Gottlieb;9781328662057
The Power of Habit;Charles Duhigg;9780812981605
The Creative Act: A Way of Being;Rick Rubin;9780593652886
Why We Sleep;Matthew Walker;9781501144318
How to Be an Antiracist;Ibram X. Kendi;9780525509288
A Brief History of Time;Stephen Hawking;9780553380163
The Gene: An Intimate History;Siddhartha Mukherjee;9781476733524
The House on Mango Street;Sandra Cisneros;9780679734772
The Old Man and the Sea;Ernest Hemingway;9780684801223
One Hundred Years of Solitude;Gabriel García Márquez;9780060531041
The God of Small Things;Arundhati Roy;9780812979657
The Amazing Adventures of Kavalier & Clay;Michael Chabon;9780812983586
The Unbearable Lightness of Being;Milan Kundera;9780061148521
The Brothers Karamazov;Fyodor Dostoevsky;9780374528379
Crime and Punishment;Fyodor Dostoevsky;9780679734505
Don Quixote;Miguel de Cervantes;
The Scarlet Letter;Nathaniel Hawthorne;9780142437261
The Call of the Wild;Jack London;
The Fellowship of the Ring;J.R.R. Tolkien;9780547928210
The Two Towers;J.R.R. Tolkien;9780547928203
The Return of the King;J.R.R. Tolkien;
The Night Circus;Erin Morgenstern;9780307744432
Red Rising;Pierce Brown;9780345539809
A Wrinkle in Time;Madeleine L'Engle;9780312367541
Caliban's War;James S.A. Corey;9780316129060
The Long Earth;Terry Pratchett;
Ancillary Justice;Ann Leckie;9780316246620
A Memory Called Empire;Arkady Martine;9781250186430
It Happened One Summer;Tessa Bailey;9780063045668
The Spanish Love Deception;Elena Armas;9781668002520
Love, Theoretically;Ali Hazelwood;
The Seven Year Slip;Ashley Poston;
The Ex Talk;Rachel Lynn Solomon;9780593200124
The Wedding People;Alison Espach;9781250899576
The Paris Apartment;Lucy Foley;9780063003064
The Murder of Roger Ackroyd;Agatha Christie;9780062073563
Murder on the Orient Express;Agatha Christie;9780062693662
In a Dark, Dark Wood;Ruth Ware;9781501112331
Shutter Island;Dennis Lehane;9780061898815
The Kind Worth Killing;Peter Swanson;9780062267542
The Snowman;Jo Nesbø;
Divergent;Veronica Roth;9780062024039
Scythe;Neal Shusterman;9781442472433
Simon vs. the Homo Sapiens Agenda;Becky Albertalli;9780062348678
Red Queen;Victoria Aveyard;9780062310637
The Wager;David Grann;
Into Thin Air;Jon Krakauer;9780385494786
The Diary of a Young Girl;Anne Frank;9780553296983
Unbroken;Laura Hillenbrand;9780812974492
John Adams;David McCullough;9780743223133
The Subtle Art of Not Giving a F*ck;Mark Manson;9780062457714
Middlemarch;George Eliot;9780141439549
Tess of the d'Urbervilles;Thomas Hardy;9780141439594
Persuasion;Jane Austen;9780141439686
The Canterbury Tales;Geoffrey Chaucer;9780140424386
The Divine Comedy;Dante Alighieri;
The Hunchback of Notre-Dame;Victor Hugo;9780140443530
The Red Badge of Courage;Stephen Crane;
The Crucible;Arthur Miller;9780142437339
Lolita;Vladimir Nabokov;9780679723165
The Master and Margarita;Mikhail Bulgakov;
Assassin's Apprentice;Robin Hobb;9780553573398
The Black Prism;Brent Weeks;
Jonathan Strange & Mr Norrell;Susanna Clarke;9780765356154
The Ocean at the End of the Lane;Neil Gaiman;9780062459367
The Last Unicorn;Peter S. Beagle;9780451450524
Hyperion;Dan Simmons;9780553283686
The Dispossessed;Ursula K. Le Guin;9780061054884
The Stars My Destination;Alfred Bester;
2001: A Space Odyssey;Arthur C. Clarke;9780451457998
The War of the Worlds;H.G. Wells;
I, Robot;Isaac Asimov;9780553382563
Outlander;Diana Gabaldon;9780440212560
A Walk to Remember;Nicholas Sparks;9780446608954
The Time Traveler's Wife;Audrey Niffenegger;9780156029438
The Simple Wild;K. A. Tucker;
The Bromance Book Club;Lyssa Kay Adams;9781984806093
Me Before You;Jojo Moyes;9780143124542
Sharp Objects;Gillian Flynn;9780307341556
The Silkworm;Robert Galbraith;
The Black Echo;Michael Connelly;
The Secret Place;Tana French;
No Exit;Taylor Adams;9780062875655
Before I Go to Sleep;S.J. Watson;
The Graveyard Book;Neil Gaiman;
Fangirl;Rainbow Rowell;9781250030955
The Raven Boys;Maggie Stiefvater;9780545424929
Six of Crows;Leigh Bardugo;9781627792127
We Hunt the Flame;Hafsah Faizal;
La Belle Sauvage;Philip Pullman;
The Anxious Generation;Jonathan Haidt;
Braiding Sweetgrass;Robin Wall Kimmerer;9781571313560
Just Mercy;Bryan Stevenson;
Bad Blood;John Carreyrou;9781509868087
The Splendid and the Vile;Erik Larson;
Say Nothing;Patrick Radden Keefe;9780385521314
Kitchen Confidential;Anthony Bourdain;9780060899226
The Art of War;Sun Tzu;9781590302255
Meditations;Marcus Aurelius;
Guns, Germs, and Steel;Jared Diamond;9780393354324
The Corrections;Jonathan Franzen;9780312421274
The Shipping News;Annie Proulx;
The Secret Life of Bees;Sue Monk Kidd;
The Help;Kathryn Stockett;9780425232200
The Lovely Bones;Alice Sebold;9780316168816
The Brief Wondrous Life of Oscar Wao;Junot Díaz;9781594489587
White Teeth;Zadie Smith;9780375703867
Atonement;Ian McEwan;9780385721790
The English Patient;Michael Ondaatje;
Rebecca;Daphne du Maurier;9780380730407
The Magicians;Lev Grossman;
The City of Brass;S. A. Chakraborty;
The Golem and the Jinni;Helene Wecker;9780062110848
The Shadow of the Wind;Carlos Ruiz Zafón;9780143034902
The Book of Life;Deborah Harkness;9780670025596
The Martian Chronicles;Ray Bradbury;9780062079930
Contact;Carl Sagan;
The Andromeda Strain;Michael Crichton;
The Windup Girl;Paolo Bacigalupi;
The Peripheral;William Gibson;
The Power;Naomi Alderman;9780316547604
The Duke and I;Julia Quinn;
The Bride Test;Helen Hoang;9780451490827
The Unhoneymooners;Christina Lauren;9781501128035
The Roommate;Rosie Danan;
The Proposal;Jasmine Guillory;
The Wedding;Nicholas Sparks;
The Bourne Identity;Robert Ludlum;
The Firm;John Grisham;
The Client;John Grisham;
The Silence of the Lambs;Thomas Harris;9780312924584
The Alienist;Caleb Carr;
Gone Baby Gone;Dennis Lehane;
The 5th Wave;Rick Yancey;9780399162411
The Darkest Minds;Alexandra Bracken;
Legend;Marie Lu;
The Knife of Never Letting Go;Patrick Ness;
Miss Peregrine's Home for Peculiar Children;Ransom Riggs;9781594746031
Before I Fall;Lauren Oliver;9780061726811
Einstein: His Life and Universe;Walter Isaacson;9780743264747
Team of Rivals;Doris Kearns Goodwin;9780743270755
The Boys in the Boat;Daniel James Brown;
The Code Breaker;Walter Isaacson;
The Rise and Fall of the Third Reich;William L. Shirer;9781451651683
Stiff;Mary Roach;9780393324822
The Happiness Project;Gretchen Rubin;9780061583254
The Life-Changing Magic of Tidying Up;Marie Kondo;